cc180c83983d36b2830d8fbb54086272543e92fa,MODIFY,regular-file,.history/workspace/server/.env_20250913202617,846,4;9;14-15;17-18
ce503d3d26ee564c05be9960660c51eb9be76b67,MODIFY,regular-file,.history/workspace/server/.env_20250926095651,676,4;9;14-15;17-18
99af8d677035d60aee3140c776c4d00043291202,MODIFY,regular-file,.history/workspace/server/.env_20250926095735,677,4;10;15-16;18-19
99af8d677035d60aee3140c776c4d00043291202,MODIFY,regular-file,.history/workspace/server/.env_20250926100307,677,4;10;15-16;18-19
99af8d677035d60aee3140c776c4d00043291202,MODIFY,regular-file,.history/workspace/server/.env_20250926100323,677,4;10;15-16;18-19
61de70e999751268420c2be27298de04325da9b4,MODIFY,regular-file,.history/workspace/server/.env_20251001222550,841,4;10;15-16;18-19
3e80f30e8fd982cd77d8b62cd34aa7439befc967,MODIFY,regular-file,.history/workspace/server/.env_20251001222621,842,4;10;15-16;18-19
193a2e35f6c4a0f174af2211b27c9903e8ab6355,MODIFY,regular-file,.history/workspace/server/.env_20251001222624,862,4;10;15-16;18-19
c6f067bb13e094fd06643c8f3c68ea12b3634d06,MODIFY,regular-file,workspace/client/src/RazorpayPayment.jsx,2072,24
0ec6bb4048bc215c7aa7a6e5b66537638a7501d5,MODIFY,regular-file,workspace/server/.env.localbackup,862,4;10;15-16;18-19
